rock,257,362,1,1,36
rock,258,357,1,1,145
rock,255,360,1,1,39
rock,259,360,1,1,109
rock,257,360,1,1,19
rock,234,357,1,1,313
rock,235,359,1,1,25
rock,234,362,1,1,116
rock,237,356,1,1,6
rock,235,365,1,1,226
rock,219,431,1,1,92
rock,220,434,1,1,345
rock,225,432,1,1,269
rock,225,429,1,1,127
rock,221,425,1,1,7
rock,223,431,1,1,115
rock,278,431,1,1,3
rock,279,433,1,1,164
rock,284,433,1,1,244
rock,285,430,1,1,101
rock,282,426,1,1,212
rock,281,429,1,1,103
rock,258,299,1,1,171
rock,258,301,1,1,104
rock,234,298,1,1,146
rock,236,297,1,1,277
rock,238,318,1,1,297
rock,426,285,1,1,154
rock,429,283,1,1,251
rock,427,280,1,1,146
rock,424,336,1,1,87
rock,430,337,1,1,349
rock,428,334,1,1,46
rock,427,338,1,1,315
rock,426,342,1,1,172
rock,430,342,1,1,29
rock,463,222,1,1,82
rock,463,226,1,1,289
rock,468,223,1,1,343
rock,468,227,1,1,353
rock,411,80,1,1,150
rock,409,84,1,1,257
rock,409,84,1,1,62
rock,414,83,1,1,168
rock,413,86,1,1,322
rock,100,155,1,1,278
rock,99,157,1,1,132
rock,101,156,1,1,60
rock,131,93,1,1,326
rock,131,96,1,1,333
rock,133,94,1,1,88
rock,194,488,1,1,78
rock,197,484,1,1,137
rock,191,484,1,1,239
rock,197,488,1,1,61
rock,179,507,1,1,102
rock,180,509,1,1,290
rock,156,564,1,1,107
rock,139,555,1,1,161
rock,77,563,1,1,204
rock,83,469,1,1,131
rock,91,447,1,1,141
rock,108,434,1,1,291
rock,75,374,1,1,253
rock,26,350,1,1,286
rock,478,498,1,1,60
rock,477,519,1,1,167
rock,421,576,1,1,262
rock,428,576,1,1,280
rock,420,580,1,1,285
rock,447,573,1,1,326
rock,310,310,1,1,21
rock,310,313,1,1,352
pillar,230,441,3,3,132
pillar,233,438,3,3,200
pillar,262,443,3,3,8
pillar,259,439,3,3,242
pillar,235,419,3,3,326
pillar,237,415,3,3,346
pillar,263,419,3,3,168
pillar,259,403,3,3,24
pillar,258,375,3,3,218
pillar,238,390,3,3,269
pillar,238,367,3,3,212
pillar,258,322,3,3,169
pillar,239,357,3,3,286
wall,229,426,14,3,0
wall,259,411,12,3,0
wall,228,402,14,3,0
wall,256,365,21,3,0
pillar,234,263,3,3,36
pillar,233,251,3,3,107
pillar,260,243,3,3,240
pillar,261,259,3,3,314
pillar,234,205,3,3,120
pillar,259,205,3,3,39
pillar,231,208,3,3,299
pillar,290,274,3,3,321
pillar,295,279,3,3,258
pillar,294,351,3,3,161
pillar,295,338,3,3,300
pillar,228,291,3,3,16
pillar,262,290,3,3,302
pillar,222,307,3,3,172
pillar,271,307,3,3,85
pillar,261,325,3,3,259
pillar,230,322,3,3,263
tree_live,262,339,3,3,332
tree_live,274,330,3,3,186
tree_live,230,338,3,3,137
tree_live,222,331,3,3,229
tree_live,218,281,3,3,263
tree_live,225,281,3,3,167
tree_live,275,283,3,3,304
tree_live,283,290,3,3,245
tree_live,306,559,3,3,176
tree_live,318,547,3,3,85
tree_live,307,535,3,3,242
tree_live,318,507,3,3,316
tree_live,311,526,3,3,296
tree_live,318,525,3,3,193
tree_live,335,519,3,3,307
tree_live,348,507,3,3,96
tree_live,347,563,3,3,129
tree_live,358,551,3,3,123
tree_live,338,532,3,3,272
tree_live,346,542,3,3,353
tree_live,335,535,3,3,130
tree_live,366,535,3,3,95
tree_live,338,498,3,3,262
tree_live,351,527,3,3,105
tree_live,146,559,3,3,154
tree_live,163,555,3,3,84
tree_live,147,543,3,3,30
tree_live,161,533,3,3,43
tree_live,158,536,3,3,62
tree_live,159,519,3,3,20
tree_live,150,507,3,3,31
tree_live,166,503,3,3,289
tree_live,175,563,3,3,282
tree_live,182,551,3,3,280
tree_live,171,543,3,3,235
tree_live,183,535,3,3,118
tree_live,171,527,3,3,298
tree_live,187,526,3,3,203
tree_live,175,512,3,3,94
tree_live,193,511,3,3,93
tree_live,194,559,3,3,121
tree_live,183,497,3,3,227
tree_live,196,545,3,3,316
tree_live,86,495,3,3,309
tree_live,102,511,3,3,160
tree_live,86,510,3,3,81
tree_live,102,487,3,3,171
tree_live,79,472,3,3,65
tree_live,76,456,3,3,257
tree_live,102,471,3,3,6
tree_live,103,443,3,3,233
tree_live,87,410,3,3,351
tree_live,103,427,3,3,213
tree_live,29,449,3,3,191
tree_live,102,400,3,3,32
tree_live,68,370,3,3,23
tree_live,114,348,3,3,260
tree_live,103,303,3,3,139
tree_live,160,338,3,3,231
tree_live,90,272,3,3,237
tree_live,79,196,3,3,171
tree_live,82,259,3,3,195
tree_live,103,246,3,3,263
tree_live,78,125,3,3,121
tree_live,80,121,3,3,243
tree_live,114,134,3,3,186
tree_live,118,171,3,3,109
tree_live,58,148,3,3,316
tree_live,103,112,3,3,133
tree_live,82,163,3,3,99
tree_live,75,67,3,3,330
tree_live,84,35,3,3,290
tree_live,47,35,3,3,35
tree_live,13,132,3,3,310
tree_live,30,123,3,3,24
tree_live,11,97,3,3,244
tree_live,21,319,3,3,51
tree_live,27,342,3,3,75
tree_live,30,380,3,3,51
tree_live,78,430,3,3,99
tree_live,13,537,3,3,254
tree_live,30,574,3,3,284
tree_live,75,558,3,3,87
tree_live,67,582,3,3,171
tree_live,416,428,3,3,244
tree_live,414,468,3,3,152
tree_live,382,450,3,3,108
tree_live,419,375,3,3,36
tree_live,427,238,3,3,334
tree_live,478,200,3,3,107
tree_live,430,171,3,3,40
tree_live,432,113,3,3,236
tree_live,389,135,3,3,138
tree_live,426,68,3,3,354
tree_live,468,27,3,3,96
tree_live,454,407,3,3,339
tree_live,475,333,3,3,317
tree_live,419,504,3,3,188
tree_live,482,494,3,3,223
tree_live,482,474,3,3,11
tree_live,479,547,3,3,299
tree_live,418,573,3,3,280
tree_live,430,539,3,3,177
tree_live,442,563,3,3,160
tree_live,477,516,3,3,106
tree_live,390,402,3,3,63
tree_live,427,316,3,3,192
tree_live,344,219,3,3,114
tree_live,343,154,3,3,321
tree_live,307,103,3,3,1
tree_live,219,91,3,3,189
tree_live,163,219,3,3,67
tree_live,163,275,3,3,72
tree_live,163,334,3,3,228
tree_live,163,395,3,3,345
tree_live,303,412,3,3,62
tree_live,229,375,3,3,294
tree_live,134,444,3,3,153
tree_live,327,435,3,3,98
tree_live,158,120,3,3,346
tree_dead,171,227,3,3,2
tree_dead,98,295,3,3,350
tree_dead,92,277,3,3,150
tree_dead,82,251,3,3,341
tree_dead,105,235,3,3,359
tree_dead,15,135,3,3,17
tree_dead,18,137,3,3,58
tree_dead,22,323,3,3,356
tree_dead,30,349,3,3,183
tree_dead,69,364,3,3,213
tree_dead,64,358,3,3,317
tree_dead,73,366,3,3,7
tree_dead,86,485,3,3,340
tree_dead,112,461,3,3,158
tree_dead,84,441,3,3,159
tree_dead,39,391,3,3,207
tree_dead,111,339,3,3,343
tree_dead,73,568,3,3,240
tree_dead,159,546,3,3,37
tree_dead,150,527,3,3,44
tree_dead,160,506,3,3,34
tree_dead,187,511,3,3,209
tree_dead,312,533,3,3,223
tree_dead,318,558,3,3,88
tree_dead,327,535,3,3,197
tree_dead,221,285,3,3,314
tree_dead,265,330,3,3,26
tree_dead,422,435,3,3,31
tree_dead,454,413,3,3,343
tree_dead,487,324,3,3,122
tree_dead,483,174,3,3,72
tree_dead,474,35,3,3,168
tree_dead,430,62,3,3,215
tree_dead,429,118,3,3,205
tree_dead,391,141,3,3,75
tree_dead,471,498,3,3,151
tree_dead,474,458,3,3,192
tree_dead,470,538,3,3,212
tree_dead,450,568,3,3,106
tree_dead,426,543,3,3,279
tree_dead,423,571,3,3,110
tree_dead,379,453,3,3,98
tree_dead,417,441,3,3,169
tree_dead,390,404,3,3,6
tree_dead,302,417,3,3,341
tree_dead,225,376,3,3,139
tree_dead,163,281,3,3,91
tree_dead,351,218,3,3,192
tree_live,322,325,3,3,342
tree_live,374,311,3,3,187
tree_live,321,285,3,3,139
tree_live,382,287,3,3,359
tree_live,0,87,3,3,15
tree_live,4,91,3,3,167
tree_live,1,81,3,3,105
tree_live,4,77,3,3,350
tree_live,0,73,3,3,263
tree_live,0,69,3,3,167
tree_live,3,69,3,3,96
tree_live,4,65,3,3,333
tree_live,3,61,3,3,87
tree_live,2,55,3,3,321
tree_live,2,49,3,3,142
tree_live,0,44,3,3,169
tree_live,2,40,3,3,351
tree_live,3,34,3,3,5
tree_live,3,29,3,3,17
tree_live,8,22,3,3,156
tree_live,11,19,3,3,229
tree_live,17,14,3,3,211
tree_live,5,25,3,3,310
tree_live,13,15,3,3,37
tree_live,21,9,3,3,56
tree_live,3,19,3,3,271
tree_live,8,12,3,3,44
tree_live,15,9,3,3,346
tree_live,8,5,3,3,52
tree_live,2,11,3,3,295
tree_live,2,2,3,3,114
tree_live,17,3,3,3,264
tree_live,28,1,3,3,139
tree_live,25,8,3,3,75
tree_live,36,4,3,3,236
tree_live,41,1,3,3,183
tree_live,31,4,3,3,20
tree_live,1,93,3,3,233
tree_live,1,101,3,3,94
tree_live,1,107,3,3,199
tree_live,0,114,3,3,286
tree_live,5,115,3,3,35
tree_live,2,122,3,3,346
tree_live,0,128,3,3,329
tree_live,7,129,3,3,228
tree_live,6,120,3,3,166
tree_live,1,136,3,3,267
tree_live,6,134,3,3,227
tree_live,1,148,3,3,17
tree_live,0,160,3,3,44
tree_live,1,142,3,3,183
tree_live,2,131,3,3,271
tree_live,0,153,3,3,48
tree_live,1,165,3,3,98
tree_live,3,156,3,3,6
tree_live,5,168,3,3,160
tree_live,1,171,3,3,96
tree_live,3,177,3,3,11
tree_live,0,180,3,3,43
tree_live,5,173,3,3,42
tree_live,0,184,3,3,49
tree_live,4,185,3,3,318
tree_live,1,190,3,3,107
tree_live,0,199,3,3,218
tree_live,4,204,3,3,238
tree_live,2,195,3,3,5
tree_live,4,189,3,3,185
tree_live,0,205,3,3,13
tree_live,3,199,3,3,333
tree_live,3,212,3,3,204
tree_live,0,220,3,3,233
tree_live,0,226,3,3,21
tree_live,1,234,3,3,281
tree_live,3,229,3,3,133
tree_live,0,242,3,3,206
tree_live,4,248,3,3,111
tree_live,0,258,3,3,324
tree_live,1,264,3,3,228
tree_live,1,270,3,3,112
tree_live,2,278,3,3,119
tree_live,4,273,3,3,299
tree_live,1,286,3,3,70
tree_live,5,292,3,3,246
tree_live,1,302,3,3,312
tree_live,3,296,3,3,129
tree_live,1,308,3,3,263
tree_live,5,313,3,3,34
tree_live,0,319,3,3,193
tree_live,0,314,3,3,232
tree_live,1,325,3,3,22
tree_live,5,329,3,3,353
tree_live,0,335,3,3,269
tree_live,0,350,3,3,7
tree_live,4,342,3,3,331
tree_live,0,341,3,3,155
tree_live,3,338,3,3,354
tree_live,4,333,3,3,252
tree_live,0,358,3,3,143
tree_live,4,351,3,3,321
tree_live,1,346,3,3,21
tree_live,4,356,3,3,111
tree_live,0,369,3,3,46
tree_live,0,364,3,3,296
tree_live,4,361,3,3,128
tree_live,5,365,3,3,356
tree_live,0,376,3,3,188
tree_live,4,374,3,3,354
tree_live,7,370,3,3,122
tree_live,0,384,3,3,54
tree_live,0,380,3,3,153
tree_live,4,380,3,3,265
tree_live,8,376,3,3,342
tree_live,0,391,3,3,247
tree_live,3,387,3,3,116
tree_live,0,395,3,3,270
tree_live,6,393,3,3,25
tree_live,8,389,3,3,27
tree_live,1,400,3,3,128
tree_live,7,398,3,3,335
tree_live,1,407,3,3,119
tree_live,7,404,3,3,163
tree_live,13,399,3,3,184
tree_live,2,411,3,3,246
tree_live,0,417,3,3,50
tree_live,1,423,3,3,257
tree_live,10,418,3,3,47
tree_live,5,417,3,3,143
tree_live,1,427,3,3,73
tree_live,5,423,3,3,216
tree_live,0,433,3,3,217
tree_live,8,421,3,3,348
tree_live,4,427,3,3,16
tree_live,1,436,3,3,309
tree_live,7,434,3,3,314
tree_live,3,431,3,3,33
tree_live,0,443,3,3,344
tree_live,0,456,3,3,339
tree_live,0,456,3,3,58
tree_live,0,456,3,3,297
tree_live,0,456,3,3,142
tree_live,0,456,3,3,118
tree_live,1,449,3,3,25
tree_live,5,443,3,3,119
tree_live,3,439,3,3,144
tree_live,4,447,3,3,171
tree_live,3,454,3,3,59
tree_live,4,459,3,3,233
tree_live,0,467,3,3,353
tree_live,4,464,3,3,301
tree_live,1,471,3,3,283
tree_live,7,461,3,3,168
tree_live,0,477,3,3,117
tree_live,3,474,3,3,188
tree_live,6,469,3,3,304
tree_live,8,465,3,3,35
tree_live,6,473,3,3,11
tree_live,0,484,3,3,15
tree_live,5,480,3,3,27
tree_live,3,487,3,3,99
tree_live,0,494,3,3,108
tree_live,3,490,3,3,218
tree_live,5,496,3,3,65
tree_live,0,503,3,3,279
tree_live,3,501,3,3,8
tree_live,6,492,3,3,186
tree_live,3,216,3,3,236
tree_live,5,208,3,3,347
tree_live,3,110,3,3,169
tree_live,3,97,3,3,323
tree_live,3,254,3,3,309
tree_live,1,246,3,3,84
tree_live,3,281,3,3,125
tree_live,4,285,3,3,314
tree_live,4,300,3,3,240
tree_live,5,305,3,3,292
tree_live,4,317,3,3,316
tree_live,4,321,3,3,139
tree_live,8,354,3,3,344
tree_live,4,368,3,3,308
tree_live,3,397,3,3,300
tree_live,3,404,3,3,73
tree_live,5,414,3,3,76
tree_live,5,450,3,3,0
tree_live,7,456,3,3,302
tree_live,6,477,3,3,269
tree_live,1,480,3,3,167
tree_live,1,498,3,3,325
tree_live,5,505,3,3,254
tree_live,0,512,3,3,322
tree_live,3,510,3,3,208
tree_live,1,507,3,3,280
tree_live,5,514,3,3,27
tree_live,0,521,3,3,288
tree_live,3,519,3,3,354
tree_live,1,516,3,3,147
tree_live,6,523,3,3,288
tree_live,1,530,3,3,349
tree_live,4,528,3,3,308
tree_live,2,525,3,3,347
tree_live,6,532,3,3,349
tree_live,1,539,3,3,94
tree_live,4,537,3,3,269
tree_live,2,534,3,3,237
tree_live,0,544,3,3,142
tree_live,4,543,3,3,326
tree_live,0,552,3,3,259
tree_live,3,548,3,3,68
tree_live,6,546,3,3,309
tree_live,3,554,3,3,295
tree_live,4,558,3,3,177
tree_live,7,564,3,3,165
tree_live,7,564,3,3,300
tree_live,7,564,3,3,99
tree_live,7,564,3,3,261
tree_live,8,560,3,3,155
tree_live,9,567,3,3,188
tree_live,11,573,3,3,338
tree_live,13,576,3,3,142
tree_live,17,583,3,3,241
tree_live,24,589,3,3,324
tree_live,30,592,3,3,274
tree_live,15,589,3,3,236
tree_live,8,586,3,3,125
tree_live,4,571,3,3,232
tree_live,2,563,3,3,36
tree_live,2,576,3,3,221
tree_live,1,587,3,3,271
tree_live,2,591,3,3,147
tree_live,7,582,3,3,120
tree_live,9,592,3,3,335
tree_live,25,595,3,3,289
tree_live,13,582,3,3,164
tree_live,17,578,3,3,45
tree_live,20,581,3,3,0
tree_live,20,586,3,3,74
tree_live,28,589,3,3,233
tree_live,13,569,3,3,229
tree_live,34,596,3,3,133
tree_live,15,597,3,3,29
tree_live,20,594,3,3,307
tree_live,497,92,3,3,91
tree_live,493,96,3,3,359
tree_live,496,86,3,3,118
tree_live,493,82,3,3,224
tree_live,497,78,3,3,91
tree_live,497,74,3,3,50
tree_live,494,74,3,3,81
tree_live,496,70,3,3,5
tree_live,494,66,3,3,175
tree_live,495,60,3,3,323
tree_live,495,54,3,3,290
tree_live,497,49,3,3,16
tree_live,495,45,3,3,89
tree_live,494,39,3,3,60
tree_live,494,34,3,3,107
tree_live,489,27,3,3,321
tree_live,492,30,3,3,346
tree_live,494,24,3,3,314
tree_live,489,17,3,3,275
tree_live,489,10,3,3,335
tree_live,495,16,3,3,276
tree_live,495,7,3,3,332
tree_live,496,98,3,3,251
tree_live,496,106,3,3,264
tree_live,496,112,3,3,155
tree_live,497,119,3,3,309
tree_live,492,119,3,3,137
tree_live,495,127,3,3,26
tree_live,497,133,3,3,136
tree_live,494,131,3,3,5
tree_live,492,109,3,3,119
tree_live,496,141,3,3,183
tree_live,496,123,3,3,239
tree_live,496,153,3,3,93
tree_live,497,165,3,3,279
tree_live,496,147,3,3,43
tree_live,495,136,3,3,64
tree_live,497,158,3,3,235
tree_live,496,170,3,3,238
tree_live,494,161,3,3,333
tree_live,492,170,3,3,333
tree_live,496,176,3,3,178
tree_live,494,182,3,3,6
tree_live,497,185,3,3,274
tree_live,492,178,3,3,336
tree_live,497,189,3,3,25
tree_live,493,190,3,3,146
tree_live,496,195,3,3,274
tree_live,497,204,3,3,251
tree_live,492,208,3,3,64
tree_live,495,200,3,3,53
tree_live,493,194,3,3,186
tree_live,497,210,3,3,73
tree_live,494,204,3,3,8
tree_live,494,217,3,3,36
tree_live,497,225,3,3,11
tree_live,497,231,3,3,106
tree_live,496,239,3,3,355
tree_live,494,234,3,3,355
tree_live,497,247,3,3,185
tree_live,493,253,3,3,330
tree_live,497,263,3,3,107
tree_live,496,269,3,3,165
tree_live,496,275,3,3,301
tree_live,495,283,3,3,83
tree_live,493,278,3,3,92
tree_live,496,291,3,3,138
tree_live,492,297,3,3,9
tree_live,496,307,3,3,311
tree_live,494,301,3,3,218
tree_live,496,313,3,3,50
tree_live,492,318,3,3,176
tree_live,497,324,3,3,291
tree_live,497,319,3,3,48
tree_live,496,330,3,3,268
tree_live,492,334,3,3,49
tree_live,497,340,3,3,93
tree_live,497,355,3,3,232
tree_live,493,347,3,3,75
tree_live,497,346,3,3,88
tree_live,494,343,3,3,255
tree_live,493,338,3,3,214
tree_live,497,363,3,3,79
tree_live,493,356,3,3,122
tree_live,496,351,3,3,104
tree_live,493,361,3,3,83
tree_live,497,374,3,3,282
tree_live,497,369,3,3,219
tree_live,493,366,3,3,55
tree_live,492,370,3,3,50
tree_live,497,381,3,3,54
tree_live,493,379,3,3,169
tree_live,490,375,3,3,82
tree_live,497,389,3,3,0
tree_live,497,385,3,3,205
tree_live,493,385,3,3,174
tree_live,489,381,3,3,183
tree_live,497,396,3,3,11
tree_live,494,392,3,3,255
tree_live,497,400,3,3,264
tree_live,491,398,3,3,77
tree_live,489,394,3,3,259
tree_live,496,405,3,3,32
tree_live,490,403,3,3,103
tree_live,496,412,3,3,152
tree_live,490,409,3,3,128
tree_live,495,416,3,3,18
tree_live,497,422,3,3,5
tree_live,496,428,3,3,136
tree_live,492,422,3,3,211
tree_live,496,432,3,3,58
tree_live,492,428,3,3,52
tree_live,497,438,3,3,32
tree_live,489,426,3,3,279
tree_live,493,432,3,3,256
tree_live,496,441,3,3,249
tree_live,490,439,3,3,329
tree_live,494,436,3,3,78
tree_live,497,448,3,3,37
tree_live,497,461,3,3,358
tree_live,497,461,3,3,43
tree_live,497,461,3,3,272
tree_live,497,461,3,3,340
tree_live,497,461,3,3,50
tree_live,496,454,3,3,284
tree_live,492,448,3,3,248
tree_live,494,444,3,3,302
tree_live,493,452,3,3,359
tree_live,494,459,3,3,309
tree_live,493,464,3,3,97
tree_live,497,472,3,3,307
tree_live,493,469,3,3,309
tree_live,496,476,3,3,113
tree_live,490,466,3,3,129
tree_live,497,482,3,3,330
tree_live,494,479,3,3,51
tree_live,491,474,3,3,40
tree_live,489,470,3,3,72
tree_live,491,478,3,3,346
tree_live,497,489,3,3,144
tree_live,492,485,3,3,91
tree_live,494,492,3,3,316
tree_live,497,499,3,3,19
tree_live,494,495,3,3,185
tree_live,492,501,3,3,249
tree_live,497,508,3,3,141
tree_live,494,506,3,3,143
tree_live,491,497,3,3,201
tree_live,494,221,3,3,30
tree_live,492,213,3,3,118
tree_live,494,115,3,3,308
tree_live,494,102,3,3,183
tree_live,494,259,3,3,71
tree_live,496,251,3,3,150
tree_live,494,286,3,3,154
tree_live,493,290,3,3,11
tree_live,493,305,3,3,44
tree_live,492,310,3,3,300
tree_live,493,322,3,3,269
tree_live,493,326,3,3,278
tree_live,489,359,3,3,279
tree_live,493,373,3,3,162
tree_live,494,402,3,3,289
tree_live,494,409,3,3,336
tree_live,492,419,3,3,221
tree_live,492,455,3,3,200
tree_live,490,461,3,3,201
tree_live,491,482,3,3,38
tree_live,496,485,3,3,47
tree_live,496,503,3,3,118
tree_live,492,510,3,3,148
tree_live,497,517,3,3,333
tree_live,494,515,3,3,20
tree_live,496,512,3,3,189
tree_live,492,519,3,3,88
tree_live,496,521,3,3,192
tree_live,492,523,3,3,264
tree_live,492,528,3,3,131
tree_live,493,536,3,3,195
tree_live,491,539,3,3,12
tree_live,492,544,3,3,137
tree_live,494,551,3,3,44
tree_live,494,554,3,3,80
tree_live,497,557,3,3,3
tree_live,492,565,3,3,8
tree_live,493,569,3,3,358
tree_live,486,578,3,3,254
tree_live,477,585,3,3,64
tree_live,468,589,3,3,25
tree_live,459,593,3,3,334
tree_live,490,573,3,3,226
tree_live,482,582,3,3,183
tree_live,473,587,3,3,315
tree_live,469,586,3,3,308
tree_live,463,592,3,3,140
tree_live,465,588,3,3,256
tree_live,494,561,3,3,21
tree_live,493,547,3,3,85
tree_live,492,532,3,3,289
tree_live,495,243,3,3,302
tree_live,494,228,3,3,341
tree_live,489,209,3,3,54
tree_live,491,198,3,3,29
tree_live,492,174,3,3,213
tree_live,492,150,3,3,74
tree_live,493,156,3,3,221
tree_live,493,145,3,3,98
tree_live,493,90,3,3,137
tree_live,496,63,3,3,10
tree_live,496,57,3,3,194
tree_live,478,4,3,3,4
tree_live,480,9,3,3,135
tree_live,485,2,3,3,64
tree_live,482,12,3,3,350
tree_live,484,19,3,3,214
tree_live,487,23,3,3,1
tree_live,467,4,3,3,236
tree_live,471,5,3,3,271
tree_live,474,7,3,3,199
tree_live,476,10,3,3,123
tree_live,478,13,3,3,4
tree_live,480,17,3,3,108
tree_live,474,2,3,3,236
tree_live,29,8,3,3,3
tree_live,34,7,3,3,26
tree_live,7,31,3,3,351
tree_live,6,38,3,3,327
tree_live,4,45,3,3,55
tree_live,5,57,3,3,309
tree_live,4,85,3,3,131
tree_live,5,104,3,3,204
tree_live,1,118,3,3,83
tree_live,4,126,3,3,165
tree_live,4,145,3,3,205
tree_live,5,139,3,3,27
tree_live,4,161,3,3,142
tree_live,4,152,3,3,307
tree_live,7,200,3,3,354
tree_live,4,223,3,3,226
tree_live,2,238,3,3,287
tree_live,6,251,3,3,199
tree_live,3,260,3,3,112
tree_live,4,266,3,3,213
tree_live,6,277,3,3,80
tree_live,5,288,3,3,168
tree_live,5,309,3,3,139
tree_live,38,597,3,3,119
tree_live,42,595,3,3,306
tree_live,45,593,3,3,219
tree_live,49,595,3,3,200
tree_live,53,597,3,3,138
tree_live,57,594,3,3,242
tree_live,61,595,3,3,121
tree_live,65,596,3,3,115
tree_live,71,596,3,3,23
tree_live,67,593,3,3,337
tree_live,74,594,3,3,233
tree_live,79,594,3,3,55
tree_live,83,592,3,3,355
tree_live,84,596,3,3,309
tree_live,89,594,3,3,323
tree_live,92,591,3,3,250
tree_live,87,597,3,3,215
tree_live,96,595,3,3,21
tree_live,99,593,3,3,229
tree_live,103,595,3,3,78
tree_live,107,597,3,3,86
tree_live,111,594,3,3,279
tree_live,115,595,3,3,270
tree_live,119,596,3,3,253
tree_live,125,596,3,3,282
tree_live,121,593,3,3,94
tree_live,128,594,3,3,204
tree_live,133,594,3,3,163
tree_live,137,592,3,3,122
tree_live,138,596,3,3,8
tree_live,143,594,3,3,318
tree_live,146,591,3,3,177
tree_live,141,597,3,3,154
tree_live,150,596,3,3,284
tree_live,149,593,3,3,126
tree_live,154,596,3,3,201
tree_live,158,595,3,3,77
tree_live,164,596,3,3,160
tree_live,167,594,3,3,64
tree_live,161,593,3,3,60
tree_live,172,593,3,3,60
tree_live,176,595,3,3,168
tree_live,183,596,3,3,302
tree_live,189,595,3,3,145
tree_live,192,593,3,3,90
tree_live,197,594,3,3,338
tree_live,202,596,3,3,317
tree_live,208,593,3,3,34
tree_live,179,594,3,3,315
tree_live,168,591,3,3,341
tree_live,186,593,3,3,140
tree_live,194,597,3,3,56
tree_live,205,596,3,3,266
tree_live,200,592,3,3,261
tree_live,211,597,3,3,292
tree_live,220,596,3,3,89
tree_live,224,593,3,3,73
tree_live,213,594,3,3,128
tree_live,216,596,3,3,321
tree_live,228,597,3,3,72
tree_live,234,594,3,3,165
tree_live,228,593,3,3,275
tree_live,239,594,3,3,307
tree_live,243,597,3,3,84
tree_live,232,597,3,3,53
tree_live,237,597,3,3,150
tree_live,247,597,3,3,229
tree_live,252,595,3,3,26
tree_live,246,594,3,3,305
tree_live,255,593,3,3,241
tree_live,256,597,3,3,46
tree_live,249,592,3,3,338
tree_live,260,593,3,3,202
tree_live,261,597,3,3,341
tree_live,266,595,3,3,64
tree_live,272,597,3,3,45
tree_live,274,592,3,3,321
tree_live,268,592,3,3,46
tree_live,263,592,3,3,73
tree_live,271,594,3,3,120
tree_live,276,596,3,3,108
tree_live,280,593,3,3,199
tree_live,284,596,3,3,125
tree_live,290,594,3,3,307
tree_live,287,593,3,3,103
tree_live,294,597,3,3,323
tree_live,299,594,3,3,90
tree_live,289,597,3,3,185
tree_live,297,597,3,3,184
tree_live,302,596,3,3,139
tree_live,309,594,3,3,188
tree_live,315,594,3,3,126
tree_live,319,597,3,3,199
tree_live,326,596,3,3,244
tree_live,331,593,3,3,274
tree_live,335,595,3,3,124
tree_live,339,596,3,3,336
tree_live,345,594,3,3,308
tree_live,323,595,3,3,217
tree_live,306,595,3,3,287
tree_live,312,596,3,3,166
tree_live,329,596,3,3,58
tree_live,341,592,3,3,180
tree_live,349,597,3,3,162
tree_live,359,597,3,3,357
tree_live,362,593,3,3,350
tree_live,353,597,3,3,283
tree_live,356,594,3,3,72
tree_live,366,597,3,3,242
tree_live,370,595,3,3,30
tree_live,375,597,3,3,327
tree_live,379,595,3,3,4
tree_live,382,593,3,3,304
tree_live,386,595,3,3,277
tree_live,390,597,3,3,223
tree_live,374,593,3,3,66
tree_live,394,596,3,3,2
tree_live,398,596,3,3,157
tree_live,403,596,3,3,182
tree_live,407,594,3,3,91
tree_live,401,593,3,3,204
tree_live,410,597,3,3,204
tree_live,416,595,3,3,333
tree_live,423,594,3,3,172
tree_live,412,594,3,3,97
tree_live,420,597,3,3,218
tree_live,427,597,3,3,158
tree_live,432,595,3,3,118
tree_live,436,594,3,3,216
tree_live,440,597,3,3,331
tree_live,445,594,3,3,65
tree_live,442,594,3,3,252
tree_live,449,596,3,3,139
tree_live,453,594,3,3,180
tree_live,456,593,3,3,13
tree_live,461,597,3,3,338
tree_live,474,596,3,3,358
tree_live,477,591,3,3,0
tree_live,469,593,3,3,116
tree_live,469,597,3,3,306
tree_live,482,596,3,3,306
tree_live,485,590,3,3,258
tree_live,491,584,3,3,229
tree_live,488,594,3,3,49
tree_live,494,596,3,3,123
tree_live,491,590,3,3,60
tree_live,496,588,3,3,60
tree_live,496,580,3,3,51
tree_live,496,574,3,3,306
tree_live,491,578,3,3,74
tree_live,486,583,3,3,274
tree_live,481,589,3,3,20
tree_live,193,6,3,3,57
tree_live,189,4,3,3,356
tree_live,186,2,3,3,311
tree_live,182,4,3,3,295
tree_live,178,6,3,3,241
tree_live,174,3,3,3,356
tree_live,170,4,3,3,282
tree_live,166,5,3,3,63
tree_live,160,5,3,3,54
tree_live,164,2,3,3,90
tree_live,157,3,3,3,56
tree_live,152,3,3,3,167
tree_live,148,1,3,3,31
tree_live,147,5,3,3,80
tree_live,142,3,3,3,209
tree_live,139,0,3,3,356
tree_live,144,6,3,3,197
tree_live,135,4,3,3,312
tree_live,132,2,3,3,170
tree_live,128,4,3,3,201
tree_live,124,6,3,3,26
tree_live,120,3,3,3,338
tree_live,116,4,3,3,228
tree_live,112,5,3,3,107
tree_live,106,5,3,3,2
tree_live,110,2,3,3,282
tree_live,103,3,3,3,288
tree_live,98,3,3,3,181
tree_live,94,1,3,3,177
tree_live,93,5,3,3,212
tree_live,88,3,3,3,19
tree_live,85,0,3,3,88
tree_live,90,6,3,3,167
tree_live,81,5,3,3,188
tree_live,82,2,3,3,180
tree_live,77,5,3,3,132
tree_live,73,4,3,3,156
tree_live,67,5,3,3,123
tree_live,64,3,3,3,304
tree_live,70,2,3,3,319
tree_live,59,2,3,3,217
tree_live,55,4,3,3,0
tree_live,48,5,3,3,213
tree_live,52,3,3,3,150
tree_live,63,0,3,3,282
tree_live,45,2,3,3,297
tree_live,100,7,3,3,296
tree_live,77,591,3,3,138
tree_live,131,590,3,3,339
tree_live,428,593,3,3,346
tree_live,154,6,3,3,225
tree_live,342,6,3,3,121
tree_live,338,4,3,3,37
tree_live,335,2,3,3,348
tree_live,331,4,3,3,260
tree_live,327,6,3,3,98
tree_live,323,3,3,3,58
tree_live,319,4,3,3,227
tree_live,315,5,3,3,154
tree_live,309,5,3,3,77
tree_live,313,2,3,3,195
tree_live,306,3,3,3,357
tree_live,301,3,3,3,161
tree_live,297,1,3,3,241
tree_live,296,5,3,3,292
tree_live,291,3,3,3,92
tree_live,288,0,3,3,193
tree_live,293,6,3,3,346
tree_live,284,4,3,3,22
tree_live,281,2,3,3,154
tree_live,277,4,3,3,136
tree_live,273,6,3,3,175
tree_live,269,3,3,3,336
tree_live,265,4,3,3,91
tree_live,261,5,3,3,117
tree_live,255,5,3,3,277
tree_live,259,2,3,3,31
tree_live,252,3,3,3,285
tree_live,249,3,3,3,304
tree_live,243,1,3,3,126
tree_live,242,5,3,3,253
tree_live,237,3,3,3,221
tree_live,234,0,3,3,323
tree_live,234,4,3,3,163
tree_live,230,5,3,3,152
tree_live,231,2,3,3,356
tree_live,226,5,3,3,178
tree_live,222,4,3,3,98
tree_live,216,5,3,3,311
tree_live,213,3,3,3,177
tree_live,219,2,3,3,317
tree_live,208,2,3,3,227
tree_live,204,4,3,3,254
tree_live,197,5,3,3,335
tree_live,201,3,3,3,171
tree_live,212,0,3,3,247
tree_live,245,5,3,3,119
tree_live,303,6,3,3,147
tree_live,346,3,3,3,194
tree_live,351,0,3,3,11
tree_live,351,5,3,3,139
tree_live,355,3,3,3,335
tree_live,359,0,3,3,210
tree_live,363,3,3,3,48
tree_live,367,1,3,3,319
tree_live,371,3,3,3,310
tree_live,375,2,3,3,146
tree_live,379,0,3,3,17
tree_live,423,1,3,3,180
tree_live,431,1,3,3,112
tree_live,435,4,3,3,224
tree_live,447,4,3,3,258
tree_live,443,1,3,3,96
tree_live,439,1,3,3,153
tree_live,427,3,3,3,335
tree_live,383,2,3,3,49
tree_live,387,1,3,3,349
tree_live,391,0,3,3,91
tree_live,394,2,3,3,313
tree_live,401,4,3,3,96
tree_live,398,1,3,3,92
tree_live,405,2,3,3,345
tree_live,409,4,3,3,229
tree_live,411,0,3,3,139
tree_live,415,1,3,3,106
tree_live,419,2,3,3,266
tree_live,451,2,3,3,334
tree_live,455,0,3,3,345
tree_live,459,1,3,3,358
tree_live,463,3,3,3,120
tree_dead,57,272,3,3,132
tree_live,55,275,3,3,110
tree_live,60,276,3,3,19
tree_dead,56,278,3,3,155
tree_dead,57,293,3,3,160
tree_live,55,296,3,3,156
tree_dead,56,299,3,3,45
tree_dead,60,332,3,3,94
tree_live,56,322,3,3,24
tree_live,56,325,3,3,273
tree_dead,61,326,3,3,133
tree_dead,59,296,3,3,321
tree_dead,55,289,3,3,64
tree_dead,60,290,3,3,75
tree_dead,58,286,3,3,354
tree_dead,55,282,3,3,251
tree_dead,59,281,3,3,149
tree_dead,66,298,3,3,45
tree_live,63,296,3,3,80
tree_live,62,293,3,3,38
tree_dead,67,294,3,3,161
tree_dead,66,289,3,3,209
tree_live,63,287,3,3,82
tree_live,62,284,3,3,41
tree_dead,67,285,3,3,145
tree_dead,66,280,3,3,296
tree_live,63,278,3,3,42
tree_live,62,275,3,3,256
tree_dead,67,276,3,3,63
tree_dead,62,318,3,3,39
tree_live,59,316,3,3,296
tree_live,58,313,3,3,147
tree_live,62,313,3,3,254
tree_dead,63,341,3,3,61
tree_live,56,339,3,3,120
tree_live,57,336,3,3,231
tree_live,61,336,3,3,168
tree_dead,64,323,3,3,3
tree_live,64,331,3,3,58
tree_live,65,336,3,3,107
tree_live,65,327,3,3,59
tree_dead,52,332,3,3,222
tree_live,49,330,3,3,175
tree_live,48,325,3,3,206
tree_live,52,325,3,3,57
tree_dead,57,352,3,3,291
tree_dead,60,359,3,3,128
tree_dead,57,357,3,3,336
tree_dead,63,352,3,3,256
tree_dead,54,359,3,3,12
tree_dead,53,362,3,3,48
tree_dead,59,367,3,3,334
tree_dead,56,365,3,3,295
tree_dead,57,362,3,3,276
tree_dead,53,367,3,3,7
tree_dead,62,362,3,3,46
tree_dead,65,365,3,3,233
tree_dead,66,362,3,3,142
tree_dead,62,367,3,3,73
tree_dead,50,352,3,3,179
tree_dead,50,357,3,3,304
tree_dead,54,352,3,3,202
tree_dead,47,359,3,3,40
rock,55,317,2,2,279
rock,65,312,2,2,89
rock,60,300,2,2,216
tree_live,52,87,3,3,71
tree_live,55,107,3,3,145
tree_live,52,109,3,3,238
tree_live,49,111,3,3,36
tree_live,59,107,3,3,223
tree_live,52,112,3,3,96
tree_live,59,118,3,3,188
tree_live,56,87,3,3,125
tree_live,51,123,3,3,3
tree_live,51,133,3,3,67
tree_live,54,135,3,3,84
tree_live,50,137,3,3,112
tree_live,54,147,3,3,32
tree_dead,48,121,3,3,333
tree_live,56,183,3,3,246
tree_live,54,180,3,3,254
tree_live,59,171,3,3,143
tree_live,55,167,3,3,32
tree_live,58,152,3,3,311
tree_live,59,433,3,3,158
tree_live,57,436,3,3,44
tree_live,63,440,3,3,272
tree_live,59,446,3,3,78
tree_live,63,452,3,3,309
tree_dead,58,452,3,3,341
tree_dead,60,455,3,3,182
tree_dead,63,435,3,3,202
tree_dead,59,441,3,3,258
tree_dead,63,459,3,3,75
tree_live,60,492,3,3,164
tree_live,57,494,3,3,333
tree_live,63,483,3,3,89
tree_live,58,485,3,3,180
tree_live,60,463,3,3,280
tree_dead,59,481,3,3,239
tree_dead,62,487,3,3,4
tree_dead,63,491,3,3,254
tree_dead,58,489,3,3,48
tree_dead,58,459,3,3,50
tree_live,61,523,3,3,215
tree_live,58,525,3,3,63
tree_live,64,514,3,3,184
tree_live,62,518,3,3,194
tree_dead,60,512,3,3,110
tree_dead,58,516,3,3,277
tree_dead,64,522,3,3,335
tree_dead,59,520,3,3,228
tree_dead,63,346,3,3,326
tree_live,56,344,3,3,197
tree_dead,56,349,3,3,146
tree_live,90,45,3,3,138
tree_live,91,51,3,3,333
tree_live,92,48,3,3,205
tree_live,89,48,3,3,267
tree_live,94,51,3,3,320
tree_live,95,48,3,3,73
tree_live,97,51,3,3,50
tree_live,90,54,3,3,344
tree_live,98,54,3,3,88
tree_live,94,54,3,3,105
tree_live,94,57,3,3,281
tree_live,97,57,3,3,175
tree_live,100,57,3,3,201
tree_live,97,60,3,3,100
tree_live,98,64,3,3,88
tree_live,100,60,3,3,136
tree_live,101,63,3,3,312
tree_live,106,71,3,3,331
tree_live,99,67,3,3,324
tree_live,102,70,3,3,6
tree_live,99,70,3,3,124
tree_live,103,73,3,3,329
tree_live,102,67,3,3,24
tree_live,393,72,3,3,61
tree_live,392,78,3,3,170
tree_live,391,75,3,3,349
tree_live,394,75,3,3,189
tree_live,389,78,3,3,68
tree_live,388,75,3,3,129
tree_live,386,78,3,3,36
tree_live,393,81,3,3,97
tree_live,385,81,3,3,308
tree_live,389,81,3,3,135
tree_live,389,84,3,3,78
tree_live,386,84,3,3,297
tree_live,383,84,3,3,16
tree_live,386,87,3,3,76
tree_live,401,62,3,3,318
tree_live,383,87,3,3,203
tree_live,396,61,3,3,270
tree_live,393,69,3,3,224
tree_live,400,65,3,3,280
tree_live,397,68,3,3,262
tree_live,398,59,3,3,359
tree_live,396,71,3,3,45
tree_live,397,65,3,3,61
tree_dead,456,501,3,3,212
tree_dead,452,497,3,3,188
tree_live,455,505,3,3,60
tree_live,456,511,3,3,81
tree_live,453,508,3,3,303
tree_dead,450,503,3,3,59
tree_dead,448,499,3,3,153
tree_live,450,507,3,3,221
tree_live,456,518,3,3,184
tree_live,451,514,3,3,142
tree_dead,453,521,3,3,196
tree_dead,456,528,3,3,345
tree_live,453,524,3,3,245
tree_dead,451,530,3,3,16
tree_dead,456,537,3,3,150
tree_live,453,535,3,3,17
tree_live,450,526,3,3,116
tree_dead,450,511,3,3,297
tree_live,455,514,3,3,115
tree_live,455,532,3,3,217
tree_live,451,539,3,3,292
tree_live,455,541,3,3,41
tree_live,454,469,3,3,86
tree_dead,454,475,3,3,83
tree_live,453,483,3,3,104
tree_dead,451,478,3,3,330
tree_dead,454,491,3,3,347
tree_dead,452,486,3,3,318
tree_dead,451,490,3,3,248
tree_dead,454,455,3,3,219
tree_live,453,463,3,3,349
tree_dead,451,458,3,3,132
tree_dead,452,466,3,3,59
tree_dead,205,351,3,3,123
tree_dead,215,352,3,3,164
tree_dead,205,346,3,3,44
tree_dead,213,349,3,3,235
tree_dead,217,349,3,3,166
tree_dead,205,342,3,3,251
tree_dead,215,345,3,3,116
tree_dead,213,339,3,3,293
tree_dead,220,346,3,3,181
tree_dead,220,351,3,3,198
tree_dead,223,352,3,3,267
tree_dead,223,348,3,3,50
tree_dead,226,346,3,3,338
tree_dead,228,349,3,3,138
tree_dead,228,352,3,3,23
tree_dead,231,352,3,3,249
tree_dead,231,346,3,3,70
tree_dead,233,349,3,3,17
tree_dead,236,346,3,3,17
tree_dead,236,352,3,3,257
tree_dead,205,338,3,3,173
tree_dead,209,338,3,3,191
tree_dead,205,333,3,3,84
tree_dead,207,335,3,3,45
tree_dead,213,333,3,3,91
tree_dead,205,329,3,3,305
tree_dead,209,331,3,3,198
tree_dead,213,326,3,3,41
tree_dead,206,270,3,3,67
tree_dead,210,270,3,3,28
tree_dead,206,275,3,3,222
tree_dead,208,273,3,3,352
tree_dead,212,273,3,3,122
tree_dead,206,281,3,3,335
tree_dead,210,277,3,3,86
tree_dead,212,282,3,3,61
tree_dead,215,276,3,3,94
tree_dead,215,271,3,3,168
tree_dead,218,270,3,3,229
tree_dead,218,274,3,3,105
tree_dead,221,276,3,3,105
tree_dead,223,273,3,3,126
tree_dead,223,270,3,3,294
tree_dead,226,270,3,3,349
tree_dead,226,276,3,3,254
tree_dead,228,273,3,3,336
tree_dead,231,276,3,3,108
tree_dead,231,270,3,3,194
tree_dead,206,285,3,3,206
tree_dead,210,285,3,3,290
tree_dead,206,290,3,3,317
tree_dead,208,288,3,3,322
tree_dead,212,288,3,3,4
tree_dead,206,294,3,3,309
tree_dead,210,292,3,3,307
tree_dead,212,295,3,3,137
tree_dead,257,352,3,3,149
tree_dead,261,352,3,3,70
tree_dead,257,347,3,3,331
tree_dead,259,349,3,3,280
tree_dead,263,349,3,3,106
tree_dead,261,345,3,3,120
tree_dead,266,346,3,3,29
tree_dead,266,351,3,3,253
tree_dead,269,352,3,3,93
tree_dead,269,348,3,3,344
tree_dead,272,346,3,3,114
tree_dead,274,349,3,3,161
tree_dead,274,352,3,3,314
tree_dead,277,352,3,3,305
tree_dead,277,346,3,3,324
tree_dead,279,349,3,3,142
tree_dead,282,346,3,3,42
tree_dead,282,352,3,3,345
tree_dead,257,276,3,3,79
tree_dead,261,276,3,3,19
tree_dead,257,271,3,3,341
tree_dead,259,273,3,3,75
tree_dead,263,273,3,3,129
tree_dead,261,269,3,3,47
tree_dead,266,270,3,3,244
tree_dead,266,275,3,3,326
tree_dead,269,276,3,3,117
tree_dead,269,272,3,3,146
tree_dead,272,270,3,3,255
tree_dead,274,273,3,3,307
tree_dead,274,276,3,3,285
tree_dead,277,276,3,3,295
tree_dead,277,270,3,3,112
tree_dead,279,273,3,3,209
tree_dead,282,270,3,3,43
tree_dead,282,276,3,3,293
tree_live,167,18,3,3,244
tree_live,163,20,3,3,35
tree_live,144,24,3,3,317
tree_live,158,21,3,3,194
tree_live,148,22,3,3,81
tree_live,140,25,3,3,127
tree_live,152,22,3,3,232
tree_live,141,22,3,3,40
tree_live,136,22,3,3,125
tree_live,132,22,3,3,20
tree_live,124,28,3,3,198
tree_live,129,25,3,3,221
tree_live,121,29,3,3,201
tree_live,135,24,3,3,295
tree_live,190,17,3,3,244
tree_live,187,12,3,3,148
tree_live,186,15,3,3,267
tree_live,182,16,3,3,310
tree_live,185,16,3,3,35
tree_live,181,18,3,3,113
tree_live,183,13,3,3,17
tree_live,178,16,3,3,36
tree_live,173,16,3,3,231
tree_live,172,17,3,3,312
tree_live,171,21,3,3,350
tree_live,168,22,3,3,223
tree_live,175,19,3,3,289
tree_live,157,43,3,3,271
tree_live,153,45,3,3,54
tree_live,152,48,3,3,305
tree_live,148,49,3,3,192
tree_live,146,46,3,3,195
tree_live,142,48,3,3,229
tree_live,155,45,3,3,265
tree_live,139,46,3,3,192
tree_live,133,47,3,3,37
tree_live,132,51,3,3,323
tree_live,127,49,3,3,158
tree_live,129,52,3,3,329
tree_live,125,53,3,3,250
tree_live,188,36,3,3,165
tree_live,179,40,3,3,105
tree_live,175,41,3,3,127
tree_live,171,43,3,3,169
tree_live,177,45,3,3,273
tree_live,168,41,3,3,253
tree_live,187,40,3,3,15
tree_live,162,42,3,3,10
tree_live,161,46,3,3,93
tree_live,158,47,3,3,310
tree_live,165,44,3,3,113
tree_live,157,67,3,3,318
tree_live,153,69,3,3,95
tree_live,152,72,3,3,162
tree_live,149,70,3,3,222
tree_live,145,71,3,3,356
tree_live,141,73,3,3,54
tree_live,143,68,3,3,121
tree_live,138,71,3,3,50
tree_live,133,71,3,3,174
tree_live,132,72,3,3,108
tree_live,131,76,3,3,54
tree_live,126,74,3,3,143
tree_live,128,77,3,3,352
tree_live,135,74,3,3,351
tree_live,169,69,3,3,112
tree_live,173,69,3,3,135
tree_live,177,69,3,3,34
tree_live,162,66,3,3,315
tree_live,161,70,3,3,170
tree_live,158,71,3,3,54
tree_live,165,68,3,3,230
tree_live,335,19,3,3,31
tree_live,339,18,3,3,330
tree_live,340,21,3,3,91
tree_live,346,24,3,3,131
tree_live,350,25,3,3,18
tree_live,369,21,3,3,325
tree_live,352,22,3,3,17
tree_live,357,25,3,3,71
tree_live,365,23,3,3,49
tree_live,366,24,3,3,346
tree_live,367,28,3,3,279
tree_live,372,26,3,3,345
tree_live,370,29,3,3,328
tree_live,362,25,3,3,104
tree_live,305,17,3,3,71
tree_live,308,12,3,3,354
tree_live,309,15,3,3,186
tree_live,313,16,3,3,147
tree_live,317,17,3,3,349
tree_live,321,19,3,3,112
tree_live,319,14,3,3,243
tree_live,324,17,3,3,165
tree_live,329,17,3,3,299
tree_live,330,18,3,3,121
tree_live,331,22,3,3,61
tree_live,344,18,3,3,255
tree_live,327,20,3,3,310
tree_live,333,41,3,3,103
tree_live,337,43,3,3,238
tree_live,338,46,3,3,263
tree_live,342,47,3,3,302
tree_live,346,48,3,3,167
tree_live,350,50,3,3,34
tree_live,348,45,3,3,50
tree_live,353,48,3,3,175
tree_live,359,49,3,3,11
tree_live,373,50,3,3,295
tree_live,365,51,3,3,249
tree_live,363,54,3,3,159
tree_live,370,53,3,3,179
tree_live,307,37,3,3,121
tree_live,311,38,3,3,180
tree_live,315,39,3,3,325
tree_live,319,41,3,3,151
tree_live,313,43,3,3,9
tree_live,322,39,3,3,247
tree_live,308,42,3,3,109
tree_live,328,40,3,3,183
tree_live,329,44,3,3,205
tree_live,332,45,3,3,321
tree_live,325,42,3,3,204
tree_live,324,62,3,3,260
tree_live,328,64,3,3,168
tree_live,329,67,3,3,304
tree_live,333,68,3,3,246
tree_live,337,69,3,3,40
tree_live,341,71,3,3,6
tree_live,339,66,3,3,269
tree_live,344,69,3,3,11
tree_live,349,69,3,3,93
tree_live,350,70,3,3,121
tree_live,351,74,3,3,304
tree_live,354,75,3,3,243
tree_live,347,72,3,3,87
tree_live,312,64,3,3,189
tree_live,308,63,3,3,27
tree_live,304,62,3,3,7
tree_live,319,61,3,3,85
tree_live,320,65,3,3,14
tree_live,323,66,3,3,223
tree_live,316,63,3,3,62
tree_live,233,62,3,3,179
tree_live,229,61,3,3,156
tree_live,225,60,3,3,129
tree_live,240,59,3,3,18
tree_live,241,63,3,3,22
tree_live,244,64,3,3,155
tree_live,237,61,3,3,12
tree_live,252,61,3,3,46
tree_live,248,60,3,3,267
tree_live,244,59,3,3,196
tree_live,256,60,3,3,182
tree_live,232,38,3,3,7
tree_live,229,38,3,3,208
tree_live,225,37,3,3,315
tree_live,240,36,3,3,39
tree_live,242,40,3,3,177
tree_live,237,38,3,3,276
tree_live,252,38,3,3,302
tree_live,248,37,3,3,12
tree_live,244,36,3,3,183
tree_live,256,37,3,3,258
tree_live,240,17,3,3,123
tree_live,237,18,3,3,178
tree_live,226,17,3,3,188
tree_live,247,17,3,3,104
tree_live,244,17,3,3,309
tree_live,259,18,3,3,102
tree_live,255,17,3,3,80
tree_live,259,13,3,3,194
tree_live,263,17,3,3,348
tree_dead,453,87,3,3,106
tree_live,451,90,3,3,208
tree_live,456,91,3,3,352
tree_dead,452,93,3,3,339
tree_dead,453,108,3,3,322
tree_live,451,111,3,3,339
tree_dead,452,114,3,3,181
tree_dead,458,136,3,3,243
tree_live,455,134,3,3,59
tree_live,454,131,3,3,266
tree_dead,459,132,3,3,104
tree_dead,455,111,3,3,64
tree_dead,451,104,3,3,192
tree_dead,456,105,3,3,43
tree_dead,454,101,3,3,180
tree_dead,451,97,3,3,251
tree_dead,455,96,3,3,91
tree_dead,462,113,3,3,333
tree_live,459,111,3,3,121
tree_live,458,108,3,3,273
tree_dead,463,109,3,3,327
tree_dead,462,104,3,3,107
tree_live,459,102,3,3,97
tree_live,458,99,3,3,269
tree_dead,463,100,3,3,116
tree_dead,462,95,3,3,156
tree_live,459,93,3,3,123
tree_live,458,90,3,3,337
tree_dead,463,91,3,3,58
tree_dead,458,128,3,3,183
tree_live,455,126,3,3,144
tree_live,454,123,3,3,104
tree_live,458,123,3,3,174
tree_dead,458,145,3,3,215
tree_live,455,143,3,3,337
tree_live,454,140,3,3,330
tree_live,458,140,3,3,33
tree_dead,466,135,3,3,312
tree_live,463,137,3,3,45
tree_live,462,140,3,3,276
tree_live,466,140,3,3,81
tree_dead,450,136,3,3,230
tree_live,447,134,3,3,268
tree_live,446,131,3,3,201
tree_live,450,131,3,3,355
tree_dead,454,156,3,3,315
tree_dead,460,161,3,3,269
tree_dead,457,159,3,3,64
tree_dead,458,156,3,3,287
tree_dead,454,161,3,3,323
tree_dead,453,164,3,3,135
tree_dead,459,169,3,3,247
tree_dead,456,167,3,3,191
tree_dead,457,164,3,3,282
tree_dead,453,169,3,3,4
tree_dead,462,164,3,3,161
tree_dead,462,169,3,3,289
tree_dead,447,156,3,3,148
tree_dead,450,159,3,3,57
tree_dead,451,156,3,3,140
tree_dead,447,161,3,3,297
rock,451,127,2,2,184
rock,461,124,2,2,56
rock,456,115,2,2,118
tree_live,452,267,3,3,38
tree_live,450,270,3,3,281
tree_live,456,274,3,3,199
tree_live,452,280,3,3,219
tree_live,456,286,3,3,0
tree_dead,451,286,3,3,95
tree_dead,453,289,3,3,357
tree_dead,456,269,3,3,57
tree_dead,452,275,3,3,308
tree_dead,456,293,3,3,189
tree_live,453,326,3,3,313
tree_live,450,328,3,3,217
tree_live,456,317,3,3,241
tree_live,451,319,3,3,68
tree_live,453,297,3,3,355
tree_dead,452,315,3,3,61
tree_dead,455,321,3,3,185
tree_dead,456,325,3,3,356
tree_dead,451,323,3,3,287
tree_dead,451,293,3,3,80
tree_live,454,354,3,3,311
tree_live,451,356,3,3,52
tree_live,457,345,3,3,73
tree_live,455,349,3,3,277
tree_dead,453,343,3,3,191
tree_dead,451,347,3,3,255
tree_dead,457,353,3,3,287
tree_dead,452,351,3,3,325
tree_dead,458,150,3,3,291
tree_live,455,148,3,3,112
tree_dead,455,153,3,3,1
tree_live,260,113,3,3,25
tree_live,260,109,3,3,117
tree_live,312,136,3,3,305
tree_live,273,116,3,3,178
tree_live,269,117,3,3,297
tree_live,286,121,3,3,235
tree_live,301,132,3,3,220
tree_live,304,135,3,3,307
tree_live,289,118,3,3,30
tree_live,289,124,3,3,95
tree_live,297,128,3,3,346
tree_live,300,125,3,3,11
tree_live,309,144,3,3,314
tree_dead,265,109,3,3,214
tree_dead,277,114,3,3,235
tree_dead,285,116,3,3,119
tree_live,261,132,3,3,275
tree_live,261,129,3,3,82
tree_live,268,130,3,3,43
tree_live,265,130,3,3,168
tree_live,276,133,3,3,24
tree_live,292,141,3,3,87
tree_live,289,145,3,3,18
tree_dead,269,136,3,3,325
tree_dead,272,137,3,3,176
tree_dead,284,138,3,3,36
tree_live,268,196,3,3,50
tree_live,262,199,3,3,46
tree_live,310,173,3,3,338
tree_live,280,191,3,3,23
tree_live,279,196,3,3,100
tree_live,289,186,3,3,245
tree_live,304,180,3,3,19
tree_live,307,177,3,3,338
tree_live,292,189,3,3,288
tree_live,292,184,3,3,202
tree_live,296,188,3,3,327
tree_live,296,184,3,3,160
tree_live,313,169,3,3,228
tree_dead,273,194,3,3,18
tree_dead,284,190,3,3,139
tree_dead,287,193,3,3,65
tree_live,263,177,3,3,271
tree_live,261,180,3,3,63
tree_live,268,177,3,3,43
tree_live,273,180,3,3,16
tree_live,284,173,3,3,105
tree_live,291,170,3,3,38
tree_live,288,164,3,3,38
tree_dead,273,173,3,3,325
tree_dead,276,176,3,3,275
tree_dead,288,169,3,3,179
tree_dead,236,200,3,3,26
tree_dead,237,197,3,3,276
tree_dead,190,177,3,3,210
tree_dead,225,197,3,3,64
tree_live,229,197,3,3,287
tree_live,221,193,3,3,104
tree_dead,196,184,3,3,268
tree_dead,193,181,3,3,98
tree_dead,208,193,3,3,227
tree_live,206,185,3,3,17
tree_dead,203,189,3,3,44
tree_dead,201,185,3,3,290
tree_dead,187,173,3,3,276
tree_dead,229,193,3,3,156
tree_dead,216,188,3,3,47
tree_dead,212,193,3,3,28
tree_live,237,179,3,3,134
tree_dead,233,179,3,3,227
tree_dead,222,177,3,3,196
tree_live,224,181,3,3,128
tree_dead,214,175,3,3,222
tree_dead,208,171,3,3,56
tree_live,201,164,3,3,201
tree_dead,229,179,3,3,83
tree_dead,218,176,3,3,217
tree_dead,211,173,3,3,35
tree_dead,228,116,3,3,88
tree_dead,236,111,3,3,127
tree_dead,188,139,3,3,174
tree_dead,224,116,3,3,135
tree_live,219,114,3,3,148
tree_live,208,121,3,3,325
tree_dead,194,132,3,3,355
tree_dead,191,135,3,3,69
tree_dead,212,118,3,3,62
tree_live,205,123,3,3,186
tree_dead,201,129,3,3,277
tree_dead,197,128,3,3,306
tree_dead,186,142,3,3,123
tree_dead,230,111,3,3,275
tree_dead,215,117,3,3,347
tree_dead,201,124,3,3,294
tree_live,236,131,3,3,299
tree_dead,231,131,3,3,177
tree_dead,214,140,3,3,357
tree_live,222,133,3,3,195
tree_dead,210,138,3,3,347
tree_dead,205,137,3,3,247
tree_live,202,143,3,3,337
tree_dead,227,131,3,3,271
tree_dead,214,136,3,3,209
tree_dead,206,140,3,3,235
tree_live,292,561,3,3,11
tree_live,292,550,3,3,177
tree_live,289,559,3,3,318
tree_live,291,556,3,3,252
tree_live,289,552,3,3,121
tree_live,288,547,3,3,170
tree_live,292,545,3,3,180
tree_live,289,541,3,3,182
tree_live,280,559,3,3,71
tree_live,277,558,3,3,25
tree_live,262,557,3,3,206
tree_live,262,561,3,3,303
tree_live,266,558,3,3,156
tree_live,269,559,3,3,204
tree_live,285,558,3,3,20
tree_live,273,558,3,3,16
tree_live,211,560,3,3,179
tree_live,208,550,3,3,136
tree_live,214,558,3,3,225
tree_live,212,555,3,3,89
tree_live,211,552,3,3,247
tree_live,212,547,3,3,136
tree_live,208,545,3,3,255
tree_live,211,541,3,3,12
tree_live,220,560,3,3,80
tree_live,223,559,3,3,141
tree_live,238,558,3,3,38
tree_live,238,562,3,3,64
tree_live,234,560,3,3,16
tree_live,231,560,3,3,345
tree_live,217,558,3,3,323
tree_live,227,559,3,3,171
tree_live,209,451,3,3,58
tree_live,209,462,3,3,305
tree_live,212,453,3,3,251
tree_live,210,456,3,3,100
tree_live,212,460,3,3,44
tree_live,213,465,3,3,43
tree_live,209,467,3,3,184
tree_live,212,471,3,3,253
tree_live,215,450,3,3,106
tree_live,218,451,3,3,299
tree_live,233,452,3,3,243
tree_live,233,448,3,3,76
tree_live,229,450,3,3,304
tree_live,226,450,3,3,106
tree_live,215,453,3,3,269
tree_live,222,451,3,3,231
tree_live,292,449,3,3,77
tree_live,292,460,3,3,78
tree_live,289,451,3,3,228
tree_live,291,454,3,3,266
tree_live,289,458,3,3,77
tree_live,285,451,3,3,243
tree_live,292,465,3,3,115
tree_live,289,469,3,3,2
tree_live,280,450,3,3,274
tree_live,277,451,3,3,330
tree_live,262,452,3,3,24
tree_live,262,448,3,3,78
tree_live,266,450,3,3,242
tree_live,269,450,3,3,250
tree_live,283,452,3,3,86
tree_live,273,451,3,3,304
tree_live,221,548,3,3,205
tree_live,221,545,3,3,166
tree_live,221,541,3,3,298
tree_live,224,548,3,3,283
tree_live,224,545,3,3,280
tree_live,224,541,3,3,287
tree_live,227,548,3,3,117
tree_live,227,545,3,3,245
tree_live,227,541,3,3,219
tree_live,230,548,3,3,344
tree_live,230,545,3,3,342
tree_live,230,541,3,3,75
tree_live,233,548,3,3,251
tree_live,233,545,3,3,274
tree_live,233,541,3,3,61
tree_live,269,548,3,3,321
tree_live,269,545,3,3,285
tree_live,269,541,3,3,97
tree_live,272,548,3,3,73
tree_live,272,545,3,3,238
tree_live,272,541,3,3,161
tree_live,275,548,3,3,283
tree_live,275,545,3,3,46
tree_live,275,541,3,3,4
tree_live,278,548,3,3,108
tree_live,278,545,3,3,353
tree_live,278,541,3,3,79
tree_live,281,548,3,3,315
tree_live,281,545,3,3,339
tree_live,281,541,3,3,254
tree_live,269,528,3,3,254
tree_live,269,525,3,3,1
tree_live,269,521,3,3,76
tree_live,272,528,3,3,126
tree_live,272,525,3,3,32
tree_live,272,521,3,3,158
tree_live,275,528,3,3,349
tree_live,275,525,3,3,315
tree_live,275,521,3,3,313
tree_live,278,528,3,3,315
tree_live,278,525,3,3,68
tree_live,278,521,3,3,97
tree_live,281,528,3,3,92
tree_live,281,525,3,3,214
tree_live,281,521,3,3,134
tree_live,269,508,3,3,253
tree_live,269,505,3,3,131
tree_live,269,501,3,3,144
tree_live,272,508,3,3,223
tree_live,272,505,3,3,315
tree_live,272,501,3,3,127
tree_live,275,508,3,3,261
tree_live,275,505,3,3,23
tree_live,275,501,3,3,91
tree_live,278,508,3,3,9
tree_live,278,505,3,3,177
tree_live,278,501,3,3,223
tree_live,281,508,3,3,237
tree_live,281,505,3,3,140
tree_live,281,501,3,3,124
tree_live,269,488,3,3,217
tree_live,269,485,3,3,288
tree_live,269,481,3,3,196
tree_live,272,488,3,3,225
tree_live,272,485,3,3,245
tree_live,272,481,3,3,349
tree_live,275,488,3,3,342
tree_live,275,485,3,3,109
tree_live,275,481,3,3,356
tree_live,278,488,3,3,260
tree_live,278,485,3,3,14
tree_live,278,481,3,3,344
tree_live,281,488,3,3,293
tree_live,281,485,3,3,58
tree_live,281,481,3,3,57
tree_live,221,528,3,3,63
tree_live,221,525,3,3,227
tree_live,221,521,3,3,19
tree_live,224,528,3,3,257
tree_live,224,525,3,3,334
tree_live,224,521,3,3,14
tree_live,227,528,3,3,227
tree_live,227,525,3,3,112
tree_live,227,521,3,3,59
tree_live,230,528,3,3,0
tree_live,230,525,3,3,332
tree_live,230,521,3,3,57
tree_live,233,528,3,3,240
tree_live,233,525,3,3,254
tree_live,233,521,3,3,324
tree_live,221,508,3,3,192
tree_live,221,505,3,3,342
tree_live,221,501,3,3,4
tree_live,224,508,3,3,78
tree_live,224,505,3,3,49
tree_live,224,501,3,3,195
tree_live,227,508,3,3,299
tree_live,227,505,3,3,206
tree_live,227,501,3,3,327
tree_live,230,508,3,3,221
tree_live,230,505,3,3,134
tree_live,230,501,3,3,27
tree_live,233,508,3,3,262
tree_live,233,505,3,3,164
tree_live,233,501,3,3,48
tree_live,221,488,3,3,153
tree_live,221,485,3,3,48
tree_live,221,481,3,3,65
tree_live,224,488,3,3,4
tree_live,224,485,3,3,307
tree_live,224,481,3,3,323
tree_live,227,488,3,3,196
tree_live,227,485,3,3,354
tree_live,227,481,3,3,89
tree_live,230,488,3,3,319
tree_live,230,485,3,3,89
tree_live,230,481,3,3,65
tree_live,233,488,3,3,8
tree_live,233,485,3,3,30
tree_live,233,481,3,3,14
tree_live,221,468,3,3,195
tree_live,221,465,3,3,90
tree_live,221,461,3,3,268
tree_live,224,468,3,3,307
tree_live,224,465,3,3,243
tree_live,224,461,3,3,148
tree_live,227,468,3,3,244
tree_live,227,465,3,3,306
tree_live,227,461,3,3,61
tree_live,230,468,3,3,185
tree_live,230,465,3,3,222
tree_live,230,461,3,3,117
tree_live,233,468,3,3,341
tree_live,233,465,3,3,177
tree_live,233,461,3,3,181
tree_live,269,468,3,3,270
tree_live,269,465,3,3,312
tree_live,269,461,3,3,111
tree_live,272,468,3,3,138
tree_live,272,465,3,3,76
tree_live,272,461,3,3,285
tree_live,275,468,3,3,139
tree_live,275,465,3,3,354
tree_live,275,461,3,3,157
tree_live,278,468,3,3,9
tree_live,278,465,3,3,350
tree_live,278,461,3,3,197
tree_live,281,468,3,3,27
tree_live,281,465,3,3,101
tree_live,281,461,3,3,177
tree_live,211,527,3,3,324
tree_live,209,524,3,3,172
tree_live,211,521,3,3,347
tree_live,211,505,3,3,15
tree_live,213,508,3,3,350
tree_live,211,511,3,3,223
tree_live,211,491,3,3,274
tree_live,211,488,3,3,176
tree_live,211,485,3,3,203
tree_live,290,528,3,3,209
tree_live,290,525,3,3,357
tree_live,290,522,3,3,185
tree_live,290,482,3,3,16
tree_live,292,485,3,3,151
tree_live,290,488,3,3,233
tree_live,291,502,3,3,7
tree_live,289,505,3,3,228
tree_live,291,508,3,3,146
tree_live,251,539,3,3,270
tree_live,251,536,3,3,216
tree_live,251,533,3,3,40
tree_live,251,519,3,3,78
tree_live,251,516,3,3,27
tree_live,251,513,3,3,341
tree_live,250,499,3,3,337
tree_live,250,496,3,3,317
tree_live,250,493,3,3,36
tree_live,250,479,3,3,43
tree_live,250,476,3,3,222
tree_live,250,473,3,3,357
tree_dead,303,351,3,3,216
tree_dead,307,351,3,3,285
tree_dead,303,346,3,3,235
tree_dead,305,348,3,3,97
tree_dead,309,348,3,3,80
tree_dead,307,344,3,3,77
tree_dead,358,348,3,3,342
tree_dead,312,350,3,3,7
tree_dead,315,351,3,3,21
tree_dead,361,350,3,3,215
tree_dead,364,348,3,3,164
tree_dead,320,348,3,3,256
tree_dead,320,351,3,3,328
tree_dead,323,351,3,3,153
tree_dead,369,348,3,3,171
tree_dead,325,348,3,3,11
tree_dead,374,348,3,3,257
tree_dead,328,351,3,3,270
tree_dead,332,350,3,3,311
tree_dead,336,350,3,3,217
tree_dead,339,352,3,3,105
tree_dead,335,353,3,3,101
tree_dead,332,353,3,3,236
tree_dead,398,351,3,3,284
tree_dead,395,351,3,3,223
tree_dead,398,347,3,3,98
tree_dead,399,343,3,3,233
tree_dead,398,340,3,3,359
tree_dead,399,335,3,3,71
tree_dead,399,331,3,3,43
tree_dead,400,327,3,3,332
tree_dead,399,324,3,3,249
tree_dead,399,320,3,3,294
tree_dead,399,316,3,3,335
tree_dead,400,312,3,3,138
tree_dead,399,309,3,3,72
tree_dead,400,304,3,3,295
tree_dead,400,300,3,3,313
tree_dead,401,296,3,3,10
tree_dead,400,293,3,3,211
tree_dead,399,288,3,3,306
tree_dead,399,284,3,3,281
tree_dead,397,280,3,3,27
tree_dead,392,273,3,3,7
tree_dead,302,321,3,3,41
tree_dead,299,321,3,3,248
tree_dead,302,317,3,3,288
tree_dead,305,318,3,3,18
tree_dead,304,315,3,3,134
tree_dead,305,310,3,3,96
tree_dead,305,306,3,3,296
tree_dead,306,302,3,3,250
tree_dead,305,299,3,3,116
tree_dead,305,295,3,3,225
tree_dead,305,291,3,3,205
tree_dead,299,300,3,3,63
tree_dead,301,295,3,3,6
tree_dead,301,304,3,3,270
tree_dead,300,309,3,3,332
tree_dead,304,271,3,3,92
tree_dead,308,271,3,3,52
tree_dead,304,276,3,3,144
tree_dead,306,274,3,3,130
tree_dead,310,274,3,3,19
tree_dead,308,278,3,3,213
tree_dead,313,272,3,3,255
tree_dead,316,271,3,3,189
tree_dead,321,274,3,3,346
tree_dead,321,271,3,3,202
tree_dead,324,271,3,3,265
tree_dead,326,274,3,3,103
tree_dead,329,271,3,3,90
tree_dead,333,272,3,3,80
tree_dead,337,272,3,3,267
tree_dead,340,270,3,3,29
tree_dead,336,269,3,3,62
tree_dead,333,269,3,3,64
tree_dead,362,274,3,3,281
tree_dead,359,272,3,3,59
tree_dead,370,274,3,3,325
tree_dead,373,273,3,3,219
tree_dead,369,272,3,3,178
tree_dead,366,272,3,3,146
tree_dead,365,291,3,3,129
tree_dead,354,286,3,3,119
tree_dead,369,293,3,3,233
tree_dead,370,297,3,3,65
tree_dead,376,300,3,3,92
tree_dead,369,289,3,3,149
tree_dead,373,297,3,3,210
tree_dead,369,330,3,3,299
tree_dead,366,332,3,3,352
tree_dead,375,323,3,3,175
tree_dead,372,327,3,3,283
tree_live,318,300,3,3,210
tree_live,323,322,3,3,218
tree_live,326,325,3,3,295
tree_live,329,328,3,3,80
tree_live,332,329,3,3,319
tree_live,334,326,3,3,33
tree_live,335,329,3,3,73
tree_live,338,329,3,3,24
tree_live,337,326,3,3,335
tree_live,341,329,3,3,275
tree_live,340,326,3,3,332
tree_live,345,327,3,3,182
tree_live,350,325,3,3,17
tree_live,353,322,3,3,32
tree_live,356,319,3,3,193
tree_live,356,300,3,3,224
tree_live,322,295,3,3,118
tree_live,325,292,3,3,116
tree_live,328,289,3,3,38
tree_live,331,288,3,3,164
tree_live,333,291,3,3,261
tree_live,334,288,3,3,146
tree_live,337,288,3,3,86
tree_live,336,291,3,3,205
tree_live,340,288,3,3,70
tree_live,339,291,3,3,112
tree_live,343,288,3,3,32
tree_live,346,291,3,3,174
tree_live,349,294,3,3,293
tree_live,352,297,3,3,22
tree_live,333,305,10,10,4
tree_live,245,225,10,10,117
tree_live,255,227,6,6,351
tree_live,261,227,6,6,262
tree_live,267,227,6,6,170
tree_live,247,219,6,6,126
tree_live,247,235,6,6,6
tree_live,239,227,6,6,175
tree_live,233,227,6,6,91
tree_live,227,227,6,6,226
tree_live,247,213,6,6,185
tree_live,247,241,6,6,93
tree_live,112,80,3,3,23
tree_live,105,76,3,3,343
tree_live,108,79,3,3,34
tree_live,105,79,3,3,269
tree_live,109,82,3,3,149
tree_live,108,76,3,3,197
tree_live,184,36,3,3,200
tree_live,183,41,3,3,186
tree_live,191,36,3,3,281
tree_live,190,41,3,3,197
tree_live,185,62,3,3,345
tree_live,189,61,3,3,25
tree_live,193,60,3,3,32
tree_live,181,61,3,3,74
tree_live,185,65,3,3,209
tree_live,189,65,3,3,254
tree_live,193,64,3,3,103
tree_live,181,68,3,3,332
tree_live,167,65,3,3,328
tree_live,171,65,3,3,122
tree_live,175,65,3,3,301
tree_live,179,64,3,3,58
tree_live,126,24,3,3,120
tree_live,122,26,3,3,103
tree_live,119,24,3,3,137
tree_live,114,24,3,3,123
tree_live,113,25,3,3,133
tree_live,114,29,3,3,79
tree_live,116,27,3,3,108
tree_live,148,25,3,3,137
tree_live,152,25,3,3,299
tree_live,154,18,3,3,307
tree_live,158,17,3,3,359
tree_live,233,16,3,3,316
tree_live,229,15,3,3,147
tree_live,225,14,3,3,212
tree_live,240,13,3,3,288
tree_live,237,15,3,3,199
tree_live,252,15,3,3,56
tree_live,248,14,3,3,251
tree_live,243,14,3,3,349
tree_live,256,14,3,3,278
tree_live,271,17,3,3,263
tree_live,267,16,3,3,141
tree_live,271,12,3,3,209
tree_live,275,16,3,3,353
tree_live,264,14,3,3,150
tree_live,268,13,3,3,79
tree_live,255,41,3,3,194
tree_live,250,40,3,3,41
tree_live,246,40,3,3,41
tree_live,261,37,3,3,275
tree_live,263,41,3,3,98
tree_live,258,39,3,3,171
tree_live,273,39,3,3,95
tree_live,269,38,3,3,348
tree_live,265,37,3,3,200
tree_live,277,38,3,3,176
tree_live,226,40,3,3,237
tree_live,230,41,3,3,12
tree_live,235,41,3,3,135
tree_live,254,64,3,3,160
tree_live,250,63,3,3,217
tree_live,246,62,3,3,239
tree_live,261,61,3,3,205
tree_live,262,65,3,3,215
tree_live,265,66,3,3,204
tree_live,258,63,3,3,254
tree_live,273,63,3,3,240
tree_live,269,62,3,3,54
tree_live,265,61,3,3,28
tree_live,277,62,3,3,26
tree_live,409,48,3,3,282
tree_live,406,48,3,3,183
tree_live,403,48,3,3,122
tree_live,402,51,3,3,199
tree_live,406,51,3,3,290
tree_live,406,54,3,3,139
tree_live,403,54,3,3,21
tree_live,400,54,3,3,279
tree_live,403,57,3,3,58
tree_live,400,57,3,3,219
tree_live,406,45,3,3,347
tree_live,357,68,3,3,300
tree_live,358,69,3,3,69
tree_live,359,73,3,3,298
tree_live,362,74,3,3,316
tree_live,355,71,3,3,16
tree_live,366,71,3,3,266
tree_live,367,72,3,3,278
tree_live,368,76,3,3,338
tree_live,371,74,3,3,64
tree_live,364,74,3,3,272
tree_live,356,21,3,3,309
tree_live,360,21,3,3,68
tree_live,385,26,3,3,174
tree_live,380,29,3,3,336
tree_live,372,28,3,3,177
tree_live,376,29,3,3,41
tree_live,378,26,3,3,20
tree_live,383,29,3,3,278
tree_live,382,25,3,3,346
tree_live,369,50,3,3,349
tree_dead,358,535,3,3,244
tree_live,366,519,3,3,280
tree_live,374,503,3,3,248
tree_live,60,178,3,3,354
tree_live,56,174,3,3,101
tree_live,57,129,3,3,223
tree_live,61,130,3,3,245
tree_live,56,133,3,3,301
tree_live,54,121,3,3,244
tree_dead,210,343,3,3,219
tree_dead,209,348,3,3,90
tree_dead,210,352,3,3,306
tree_dead,205,323,3,3,281
tree_dead,209,325,3,3,229
tree_dead,213,320,3,3,54
tree_dead,236,273,3,3,121
tree_dead,239,276,3,3,11
tree_dead,239,270,3,3,283
tree_dead,240,346,3,3,179
tree_dead,240,352,3,3,132
tree_dead,396,274,3,3,25
tree_dead,396,270,3,3,134
tree_dead,392,269,3,3,270
tree_dead,301,339,3,3,230
tree_dead,303,341,3,3,341
tree_dead,307,341,3,3,178
tree_dead,305,337,3,3,176
tree_live,309,332,3,3,256
tree_live,310,329,3,3,282
tree_live,313,332,3,3,99
tree_live,319,319,3,3,349
rock,312,309,1,1,61
rock,312,312,1,1,230
rock,314,313,1,1,76
tree_live,227,114,3,3,109
tree_live,218,135,3,3,131
pillar,262,208,3,3,14
tree_dead,212,170,3,3,228
tree_dead,206,166,3,3,273
tree_live,204,161,3,3,106
tree_dead,219,173,3,3,322
tree_dead,209,168,3,3,27
tree_live,217,196,3,3,271
tree_live,232,200,3,3,91
tree_dead,225,193,3,3,50
tree_dead,213,189,3,3,277
tree_live,209,189,3,3,135
tree_dead,193,176,3,3,201
tree_dead,200,182,3,3,347
tree_dead,196,180,3,3,230
tree_dead,186,169,3,3,82
tree_dead,191,172,3,3,229
tree_dead,186,166,3,3,337
tree_dead,276,196,3,3,223
tree_live,265,200,3,3,104
tree_live,308,169,3,3,355
tree_live,301,177,3,3,76
tree_live,305,174,3,3,79
tree_live,311,165,3,3,143
tree_live,293,165,3,3,74
tree_dead,297,180,3,3,229
tree_dead,277,173,3,3,90
tree_live,281,173,3,3,55
tree_live,280,177,3,3,245
tree_live,285,176,3,3,254
tree_dead,285,170,3,3,82
tree_dead,288,173,3,3,53
tree_live,265,180,3,3,323
tree_live,269,180,3,3,212
tree_dead,272,177,3,3,260
tree_dead,301,181,3,3,2
tree_dead,299,184,3,3,353
tree_dead,272,133,3,3,225
tree_live,278,137,3,3,138
tree_live,280,133,3,3,255
tree_live,281,140,3,3,289
tree_dead,287,136,3,3,270
tree_dead,287,141,3,3,234
tree_live,308,135,3,3,56
tree_live,304,129,3,3,143
tree_live,307,132,3,3,4
tree_live,313,140,3,3,231
tree_live,308,140,3,3,218
tree_live,312,143,3,3,172
tree_live,272,113,3,3,294
tree_dead,268,110,3,3,354
tree_dead,266,113,3,3,276
tree_dead,279,117,3,3,220
tree_dead,281,113,3,3,105
tree_dead,282,119,3,3,284
tree_dead,292,122,3,3,105
tree_dead,296,121,3,3,72
tree_dead,295,124,3,3,341
